{"cameraMode":{"drawMode":0,"name":"Shaded","section":"Shading Mode"},"sceneLighting":true,"audioPlay":false,"sceneViewState":{"m_AlwaysRefresh":false,"showFog":true,"showSkybox":true,"showFlares":true,"showImageEffects":true,"showParticleSystems":true,"showVisualEffectGraphs":true,"m_FxEnabled":true},"in2DMode":false,"pivot":{"x":0.000060439109802246094,"y":0.05654782056808472,"z":10.012051582336426},"rotation":{"x":-0.12297917157411576,"y":0.48253127932548525,"z":-0.06864388287067414,"w":-0.8644819259643555},"size":33.353782653808597,"orthographic":false}