{"cameraMode":{"drawMode":0,"name":"Shaded","section":"Shading Mode"},"sceneLighting":true,"audioPlay":false,"sceneViewState":{"m_AlwaysRefresh":false,"showFog":true,"showSkybox":true,"showFlares":true,"showImageEffects":true,"showParticleSystems":true,"showVisualEffectGraphs":true,"m_FxEnabled":true},"in2DMode":false,"pivot":{"x":-7.3460235595703129,"y":2.218904495239258,"z":22.398042678833009},"rotation":{"x":-0.13804782927036286,"y":0.6421030759811401,"z":-0.11903999000787735,"w":-0.7446315288543701},"size":17.200000762939454,"orthographic":false}